"primerPair","fastaid","primerF","primerR","mismFT","mismRT","amplicon","F_pos","mismFT_type","R_pos","mismRT_type"
5,"ref|NC_022449.1|","ZBJ-ArtF1c","ZBJ-ArtR2c",4,2,157,1496,"['CA', 'CW', 'CT', 'AT']",1674,"['TA', 'CT']"
5,"ref|NC_022472.1|","ZBJ-ArtF1c","ZBJ-ArtR2c",2,5,157,1495,"['CT', 'CT']",1673,"['CT', 'CT', 'GA', 'CT', 'CW']"
5,"ref|NC_022671.1|","ZBJ-ArtF1c","ZBJ-ArtR2c",3,2,157,1445,"['CT', 'CT', 'CA']",1623,"['TA', 'CT']"
5,"ref|NC_022680.1|","ZBJ-ArtF1c","ZBJ-ArtR2c",1,3,157,1452,"['CW']",1630,"['TA', 'CT', 'CW']"
5,"ref|NC_022682.1|","ZBJ-ArtF1c","ZBJ-ArtR2c",3,2,157,38,"['CT', 'TA', 'AT']",216,"['TA', 'AG']"
5,"ref|NC_022710.1|","ZBJ-ArtF1c","ZBJ-ArtR2c",2,4,157,1457,"['CW', 'CT']",1635,"['TA', 'TA', 'AG', 'CW']"
5,"ref|NC_022922.1|","ZBJ-ArtF1c","ZBJ-ArtR2c",2,2,157,1392,"['CT', 'AT']",1570,"['GA', 'GA']"
5,"ref|NC_023088.1|","ZBJ-ArtF1c","ZBJ-ArtR2c",0,1,157,1498,"[]",1676,"['TA']"
5,"ref|NC_016713.1|","ZBJ-ArtF1c","ZBJ-ArtR2c",2,0,157,1461,"['AT', 'CT']",1639,"[]"
5,"ref|NC_016716.1|","ZBJ-ArtF1c","ZBJ-ArtR2c",2,1,157,1459,"['AT', 'CT']",1637,"['CT']"
5,"ref|NC_021417.1|","ZBJ-ArtF1c","ZBJ-ArtR2c",3,4,157,1415,"['CW', 'CT', 'AT']",1593,"['GA', 'CT', 'TA', 'CW']"
5,"ref|NC_023444.1|","ZBJ-ArtF1c","ZBJ-ArtR2c",2,3,157,1448,"['CT', 'CA']",1626,"['GA', 'CT', 'TA']"
5,"ref|NC_023462.1|","ZBJ-ArtF1c","ZBJ-ArtR2c",4,0,157,1467,"['CT', 'CT', 'TA', 'AT']",1645,"[]"
5,"ref|NC_023535.1|","ZBJ-ArtF1c","ZBJ-ArtR2c",3,1,157,1468,"['CT', 'CA', 'AT']",1646,"['TA']"
5,"ref|NC_012838.1|","ZBJ-ArtF1c","ZBJ-ArtR2c",4,1,157,1441,"['CW', 'TA', 'AT', 'CT']",1619,"['TA']"
5,"ref|NC_012842.1|","ZBJ-ArtF1c","ZBJ-ArtR2c",2,3,157,1435,"['CW', 'AT']",1613,"['CT', 'CT', 'TA']"
5,"ref|NC_023919.1|","ZBJ-ArtF1c","ZBJ-ArtR2c",2,1,157,1469,"['CT', 'AT']",1647,"['CW']"
5,"ref|NC_023920.1|","ZBJ-ArtF1c","ZBJ-ArtR2c",2,3,157,1465,"['TA', 'AT']",1643,"['CT', 'TA', 'CW']"
5,"ref|NC_023921.1|","ZBJ-ArtF1c","ZBJ-ArtR2c",3,2,157,1462,"['TA', 'AT', 'CT']",1640,"['GA', 'CT']"
5,"ref|NC_023938.1|","ZBJ-ArtF1c","ZBJ-ArtR2c",0,1,157,1511,"[]",1689,"['TA']"
5,"ref|NC_024033.1|","ZBJ-ArtF1c","ZBJ-ArtR2c",1,3,157,1476,"['CT']",1654,"['GA', 'GA', 'GW']"
5,"ref|NC_024056.1|","ZBJ-ArtF1c","ZBJ-ArtR2c",3,5,157,41,"['TA', 'TC', 'CT']",219,"['TA', 'CT', 'GW', 'CT', 'GA']"
5,"ref|NC_024155.1|","ZBJ-ArtF1c","ZBJ-ArtR2c",3,2,157,1468,"['CW', 'AT', 'AT']",1646,"['GA', 'GW']"
5,"ref|NC_020143.1|","ZBJ-ArtF1c","ZBJ-ArtR2c",3,5,157,1469,"['TA', 'AT', 'CT']",1647,"['GA', 'CT', 'CT', 'TA', 'GW']"
5,"ref|NC_024393.1|","ZBJ-ArtF1c","ZBJ-ArtR2c",0,0,157,1501,"[]",1679,"[]"
5,"ref|NC_024395.1|","ZBJ-ArtF1c","ZBJ-ArtR2c",0,3,157,1500,"[]",1678,"['GA', 'CT', 'CW']"
5,"ref|NC_024398.1|","ZBJ-ArtF1c","ZBJ-ArtR2c",0,0,157,1507,"[]",1685,"[]"
5,"ref|NC_024400.1|","ZBJ-ArtF1c","ZBJ-ArtR2c",0,0,157,1501,"[]",1679,"[]"
5,"ref|NC_024402.1|","ZBJ-ArtF1c","ZBJ-ArtR2c",2,1,157,1499,"['TA', 'CT']",1677,"['CW']"
5,"ref|NC_024407.1|","ZBJ-ArtF1c","ZBJ-ArtR2c",2,0,157,1492,"['TA', 'CW']",1670,"[]"
5,"ref|NC_024413.1|","ZBJ-ArtF1c","ZBJ-ArtR2c",1,2,157,1685,"['CT']",1863,"['CT', 'CW']"
5,"ref|NC_024418.1|","ZBJ-ArtF1c","ZBJ-ArtR2c",0,1,157,1504,"[]",1682,"['AG']"
5,"ref|NC_024428.1|","ZBJ-ArtF1c","ZBJ-ArtR2c",2,0,157,1507,"['TA', 'CT']",1685,"[]"
5,"ref|NC_024532.1|","ZBJ-ArtF1c","ZBJ-ArtR2c",2,1,157,1507,"['CA', 'AT']",1685,"['CT']"
5,"ref|NC_024511.2|","ZBJ-ArtF1c","ZBJ-ArtR2c",0,2,157,1514,"[]",1692,"['TA', 'GW']"
5,"ref|NC_024825.1|","ZBJ-ArtF1c","ZBJ-ArtR2c",0,1,157,1552,"[]",1730,"['GA']"
5,"ref|NC_024838.1|","ZBJ-ArtF1c","ZBJ-ArtR2c",0,5,157,1399,"[]",1577,"['TA', 'GA', 'CT', 'CA', 'TG']"
5,"ref|NC_025765.1|","ZBJ-ArtF1c","ZBJ-ArtR2c",3,2,157,4388,"['CA', 'AT', 'CT']",4566,"['CT', 'TA']"
5,"ref|NC_025276.1|","ZBJ-ArtF1c","ZBJ-ArtR2c",1,3,157,1504,"['CT']",1682,"['CT', 'CT', 'CW']"
5,"ref|NC_025281.1|","ZBJ-ArtF1c","ZBJ-ArtR2c",2,2,157,1447,"['CT', 'CA']",1625,"['GA', 'TA']"
5,"ref|NC_025282.1|","ZBJ-ArtF1c","ZBJ-ArtR2c",4,0,157,1481,"['CT', 'CT', 'TA', 'AT']",1659,"[]"
5,"ref|NC_025495.1|","ZBJ-ArtF1c","ZBJ-ArtR2c",4,2,157,1439,"['CT', 'CT', 'AT', 'AT']",1617,"['TA', 'CT']"
5,"ref|NC_025522.1|","ZBJ-ArtF1c","ZBJ-ArtR2c",4,3,157,1526,"['CT', 'CT', 'GA', 'AT']",1704,"['CT', 'CT', 'CT']"
5,"ref|NC_025558.1|","ZBJ-ArtF1c","ZBJ-ArtR2c",2,2,157,1462,"['TC', 'GT']",1640,"['CT', 'TA']"
5,"ref|NC_025758.1|","ZBJ-ArtF1c","ZBJ-ArtR2c",1,3,157,1674,"['AT']",1852,"['TA', 'TA', 'CT']"
5,"ref|NC_025763.1|","ZBJ-ArtF1c","ZBJ-ArtR2c",0,0,157,1966,"[]",2144,"[]"
5,"ref|NC_015799.1|","ZBJ-ArtF1c","ZBJ-ArtR2c",2,1,157,1439,"['AT', 'AT']",1617,"['CT']"
5,"ref|NC_025946.1|","ZBJ-ArtF1c","ZBJ-ArtR2c",2,2,157,1462,"['TC', 'GT']",1640,"['CT', 'TA']"
5,"ref|NC_026218.1|","ZBJ-ArtF1c","ZBJ-ArtR2c",3,2,157,1686,"['TA', 'TC', 'CG']",1864,"['TA', 'AG']"
5,"ref|NC_026231.1|","ZBJ-ArtF1c","ZBJ-ArtR2c",2,4,157,1466,"['GA', 'CT']",1644,"['GA', 'CT', 'CT', 'CA']"
5,"ref|NC_026070.1|","ZBJ-ArtF1c","ZBJ-ArtR2c",1,3,157,1574,"['CT']",1752,"['TA', 'GA', 'CT']"
5,"ref|NC_026072.1|","ZBJ-ArtF1c","ZBJ-ArtR2c",1,1,157,1495,"['TA']",1673,"['CT']"
5,"ref|NC_026113.1|","ZBJ-ArtF1c","ZBJ-ArtR2c",3,2,157,1987,"['GA', 'AT', 'CT']",2165,"['CT', 'CT']"
5,"ref|NC_026115.1|","ZBJ-ArtF1c","ZBJ-ArtR2c",3,3,157,1719,"['CT', 'GA', 'AT']",1897,"['CA', 'CT', 'CT']"
5,"ref|NC_026133.1|","ZBJ-ArtF1c","ZBJ-ArtR2c",2,4,157,41,"['TC', 'CG']",219,"['GA', 'CA', 'TG', 'TA']"
5,"ref|NC_026292.1|","ZBJ-ArtF1c","ZBJ-ArtR2c",1,1,157,1469,"['TA']",1647,"['CW']"
5,"ref|NC_026305.1|","ZBJ-ArtF1c","ZBJ-ArtR2c",2,3,157,1466,"['CW', 'AT']",1644,"['TA', 'TA', 'CT']"
5,"ref|NC_026525.1|","ZBJ-ArtF1c","ZBJ-ArtR2c",3,2,157,1471,"['CT', 'TA', 'AT']",1649,"['CT', 'GA']"
5,"ref|NC_026564.1|","ZBJ-ArtF1c","ZBJ-ArtR2c",0,1,157,1510,"[]",1688,"['CW']"
5,"ref|NC_026672.1|","ZBJ-ArtF1c","ZBJ-ArtR2c",4,2,157,1500,"['GA', 'TA', 'GT', 'CT']",1678,"['CT', 'CT']"
5,"ref|NC_026702.1|","ZBJ-ArtF1c","ZBJ-ArtR2c",4,1,157,1447,"['CT', 'TA', 'CT', 'AT']",1625,"['CA']"
5,"ref|NC_026716.1|","ZBJ-ArtF1c","ZBJ-ArtR2c",4,1,157,1468,"['CA', 'CT', 'TA', 'AT']",1646,"['CT']"
5,"ref|NC_026719.1|","ZBJ-ArtF1c","ZBJ-ArtR2c",0,3,157,1436,"[]",1614,"['TA', 'CT', 'TA']"
5,"ref|NC_026910.1|","ZBJ-ArtF1c","ZBJ-ArtR2c",0,1,157,1472,"[]",1650,"['TA']"
5,"ref|NC_027087.1|","ZBJ-ArtF1c","ZBJ-ArtR2c",0,2,157,38,"[]",216,"['CT', 'CW']"
5,"ref|NC_027111.1|","ZBJ-ArtF1c","ZBJ-ArtR2c",0,0,157,38,"[]",216,"[]"
5,"ref|NC_027114.1|","ZBJ-ArtF1c","ZBJ-ArtR2c",3,1,157,1447,"['TA', 'CT', 'CT']",1625,"['CW']"
5,"ref|NC_024633.1|","ZBJ-ArtF1c","ZBJ-ArtR2c",2,1,157,1460,"['CT', 'CT']",1638,"['CT']"
5,"ref|NC_026903.1|","ZBJ-ArtF1c","ZBJ-ArtR2c",0,4,157,1464,"[]",1642,"['TA', 'TA', 'CT', 'AG']"
5,"ref|NC_027156.1|","ZBJ-ArtF1c","ZBJ-ArtR2c",0,1,157,1524,"[]",1702,"['GA']"
5,"ref|NC_027157.1|","ZBJ-ArtF1c","ZBJ-ArtR2c",0,0,157,1531,"[]",1709,"[]"
5,"ref|NC_027176.1|","ZBJ-ArtF1c","ZBJ-ArtR2c",1,3,157,1506,"['CT']",1684,"['GA', 'CT', 'TA']"
5,"ref|NC_027179.1|","ZBJ-ArtF1c","ZBJ-ArtR2c",2,1,157,1457,"['TA', 'AT']",1635,"['GA']"
5,"ref|NC_027180.1|","ZBJ-ArtF1c","ZBJ-ArtR2c",2,2,157,1471,"['AT', 'AT']",1649,"['GA', 'GA']"
5,"ref|NC_027187.1|","ZBJ-ArtF1c","ZBJ-ArtR2c",2,2,157,1471,"['GW', 'GA']",1649,"['CT', 'CW']"
5,"ref|NC_027263.1|","ZBJ-ArtF1c","ZBJ-ArtR2c",0,0,157,1546,"[]",1724,"[]"
5,"ref|NC_027502.1|","ZBJ-ArtF1c","ZBJ-ArtR2c",2,2,157,1473,"['CT', 'CT']",1651,"['CT', 'TA']"
5,"ref|NC_027577.1|","ZBJ-ArtF1c","ZBJ-ArtR2c",3,2,157,1394,"['TA', 'CW', 'CT']",1572,"['CT', 'AG']"
5,"ref|NC_024271.1|","ZBJ-ArtF1c","ZBJ-ArtR2c",1,1,157,38,"['CA']",216,"['TA']"
5,"ref|NC_027672.1|","ZBJ-ArtF1c","ZBJ-ArtR2c",1,1,157,1510,"['CT']",1688,"['TA']"
5,"ref|NC_027851.1|","ZBJ-ArtF1c","ZBJ-ArtR2c",2,1,157,1442,"['CT', 'CA']",1620,"['CT']"
5,"ref|NC_027852.1|","ZBJ-ArtF1c","ZBJ-ArtR2c",1,3,157,1447,"['CA']",1625,"['GA', 'CT', 'CW']"
5,"ref|NC_027948.1|","ZBJ-ArtF1c","ZBJ-ArtR2c",1,0,157,38,"['CT']",216,"[]"
5,"ref|NC_028015.1|","ZBJ-ArtF1c","ZBJ-ArtR2c",0,2,157,1727,"[]",1905,"['CT', 'CW']"
5,"ref|NC_028016.1|","ZBJ-ArtF1c","ZBJ-ArtR2c",2,1,157,1462,"['TA', 'CT']",1640,"['CT']"
5,"ref|NC_028059.1|","ZBJ-ArtF1c","ZBJ-ArtR2c",1,4,157,1481,"['CT']",1659,"['CT', 'CT', 'AG', 'CW']"
5,"ref|NC_028061.1|","ZBJ-ArtF1c","ZBJ-ArtR2c",3,3,157,1481,"['CT', 'GA', 'AT']",1659,"['TA', 'CT', 'CW']"
5,"ref|NC_028063.1|","ZBJ-ArtF1c","ZBJ-ArtR2c",1,3,157,1503,"['CT']",1681,"['CT', 'CT', 'TA']"
5,"ref|NC_028065.1|","ZBJ-ArtF1c","ZBJ-ArtR2c",1,4,157,1467,"['CT']",1645,"['GW', 'CT', 'TA', 'CW']"
5,"ref|NC_028076.1|","ZBJ-ArtF1c","ZBJ-ArtR2c",1,3,157,1470,"['CT']",1648,"['GA', 'GA', 'GW']"
5,"ref|NC_028084.1|","ZBJ-ArtF1c","ZBJ-ArtR2c",3,3,157,1432,"['CT', 'TA', 'CT']",1610,"['GA', 'CT', 'CW']"
5,"ref|NC_028158.1|","ZBJ-ArtF1c","ZBJ-ArtR2c",1,1,157,1529,"['CT']",1707,"['CT']"
5,"ref|NC_028159.1|","ZBJ-ArtF1c","ZBJ-ArtR2c",4,2,157,2105,"['TA', 'CW', 'CT', 'CT']",2283,"['GA', 'CW']"
5,"ref|NC_028212.1|","ZBJ-ArtF1c","ZBJ-ArtR2c",1,2,157,1464,"['CT']",1642,"['GA', 'CT']"
5,"ref|NC_028213.1|","ZBJ-ArtF1c","ZBJ-ArtR2c",1,1,157,1463,"['CT']",1641,"['CT']"
5,"ref|NC_028214.1|","ZBJ-ArtF1c","ZBJ-ArtR2c",0,3,157,1470,"[]",1648,"['GW', 'CT', 'TA']"
5,"ref|NC_028215.1|","ZBJ-ArtF1c","ZBJ-ArtR2c",1,2,157,1464,"['CT']",1642,"['GA', 'CT']"
5,"ref|NC_028216.1|","ZBJ-ArtF1c","ZBJ-ArtR2c",1,3,157,1466,"['CT']",1644,"['GA', 'CT', 'TA']"
5,"ref|NC_028217.1|","ZBJ-ArtF1c","ZBJ-ArtR2c",1,1,157,1464,"['CT']",1642,"['GW']"
5,"ref|NC_028218.1|","ZBJ-ArtF1c","ZBJ-ArtR2c",0,0,157,1464,"[]",1642,"[]"
5,"ref|NC_028219.1|","ZBJ-ArtF1c","ZBJ-ArtR2c",1,1,157,1464,"['CT']",1642,"['CT']"
5,"ref|NC_028220.1|","ZBJ-ArtF1c","ZBJ-ArtR2c",1,1,157,1464,"['CT']",1642,"['CT']"
5,"ref|NC_028221.1|","ZBJ-ArtF1c","ZBJ-ArtR2c",1,0,157,1478,"['CT']",1656,"[]"
5,"ref|NC_028222.1|","ZBJ-ArtF1c","ZBJ-ArtR2c",1,1,157,1463,"['TA']",1641,"['TA']"
5,"ref|NC_028223.1|","ZBJ-ArtF1c","ZBJ-ArtR2c",0,1,157,1464,"[]",1642,"['GA']"
5,"ref|NC_028348.1|","ZBJ-ArtF1c","ZBJ-ArtR2c",0,4,157,1465,"[]",1643,"['TA', 'TA', 'CT', 'AG']"
5,"ref|NC_028445.1|","ZBJ-ArtF1c","ZBJ-ArtR2c",2,3,157,1623,"['TA', 'TC']",1801,"['CT', 'CT', 'AG']"
5,"ref|NC_028446.1|","ZBJ-ArtF1c","ZBJ-ArtR2c",2,2,157,1638,"['TA', 'TC']",1816,"['CT', 'AG']"
5,"ref|NC_028598.1|","ZBJ-ArtF1c","ZBJ-ArtR2c",2,1,157,1358,"['TA', 'CW']",1536,"['AG']"
5,"ref|NC_028599.1|","ZBJ-ArtF1c","ZBJ-ArtR2c",2,3,157,1446,"['CW', 'CT']",1624,"['TA', 'TA', 'CT']"
5,"ref|NC_028602.1|","ZBJ-ArtF1c","ZBJ-ArtR2c",3,2,157,1454,"['TA', 'CW', 'CT']",1632,"['TA', 'TA']"
5,"ref|NC_028603.1|","ZBJ-ArtF1c","ZBJ-ArtR2c",4,4,157,1411,"['GA', 'CT', 'CT', 'CT']",1589,"['GA', 'CT', 'CT', 'CW']"
5,"ref|NC_028606.1|","ZBJ-ArtF1c","ZBJ-ArtR2c",1,4,157,1471,"['CW']",1649,"['TA', 'GA', 'CT', 'AG']"
5,"ref|NC_028607.1|","ZBJ-ArtF1c","ZBJ-ArtR2c",2,2,157,1822,"['TA', 'CT']",2000,"['CT', 'CW']"
5,"ref|NC_028608.1|","ZBJ-ArtF1c","ZBJ-ArtR2c",4,1,157,1505,"['TA', 'CT', 'TA', 'CT']",1683,"['TA']"
5,"ref|NC_028610.1|","ZBJ-ArtF1c","ZBJ-ArtR2c",3,3,157,1458,"['TA', 'CW', 'CT']",1636,"['CT', 'TA', 'CW']"
5,"ref|NC_028612.1|","ZBJ-ArtF1c","ZBJ-ArtR2c",3,0,157,1441,"['CA', 'CW', 'CT']",1619,"[]"
5,"ref|NC_028619.1|","ZBJ-ArtF1c","ZBJ-ArtR2c",1,3,157,1433,"['CT']",1611,"['GA', 'TA', 'CT']"
5,"ref|NC_029135.1|","ZBJ-ArtF1c","ZBJ-ArtR2c",3,2,157,1478,"['CA', 'TA', 'AT']",1656,"['CT', 'CA']"
5,"ref|NC_029148.1|","ZBJ-ArtF1c","ZBJ-ArtR2c",2,3,157,1469,"['CW', 'CT']",1647,"['TA', 'CT', 'CT']"
5,"ref|NC_029155.1|","ZBJ-ArtF1c","ZBJ-ArtR2c",1,3,157,41,"['TC']",219,"['TA', 'CA', 'GA']"
5,"ref|NC_029205.1|","ZBJ-ArtF1c","ZBJ-ArtR2c",4,3,157,1471,"['TA', 'GA', 'GT', 'CT']",1649,"['TA', 'CT', 'TA']"
5,"ref|NC_029224.1|","ZBJ-ArtF1c","ZBJ-ArtR2c",3,2,157,1616,"['CT', 'TA', 'CT']",1794,"['TA', 'GA']"
5,"ref|NC_029248.1|","ZBJ-ArtF1c","ZBJ-ArtR2c",2,3,157,1478,"['CT', 'CT']",1656,"['TA', 'CT', 'GW']"
5,"ref|NC_029326.1|","ZBJ-ArtF1c","ZBJ-ArtR2c",0,4,157,2101,"[]",2279,"['TA', 'CT', 'CT', 'TA']"
5,"ref|NC_029327.1|","ZBJ-ArtF1c","ZBJ-ArtR2c",2,1,157,1460,"['CT', 'AT']",1638,"['TA']"
5,"ref|NC_029408.1|","ZBJ-ArtF1c","ZBJ-ArtR2c",2,2,157,1463,"['CT', 'GT']",1641,"['CT', 'TA']"
5,"ref|NC_029502.1|","ZBJ-ArtF1c","ZBJ-ArtR2c",1,2,157,1498,"['CT']",1676,"['CT', 'CT']"
5,"ref|NC_029503.1|","ZBJ-ArtF1c","ZBJ-ArtR2c",0,1,157,1484,"[]",1662,"['GA']"
5,"ref|NC_029508.1|","ZBJ-ArtF1c","ZBJ-ArtR2c",0,1,157,1496,"[]",1674,"['CT']"
5,"ref|NC_029509.1|","ZBJ-ArtF1c","ZBJ-ArtR2c",1,2,157,1500,"['CT']",1678,"['CT', 'CW']"
5,"ref|NC_029510.1|","ZBJ-ArtF1c","ZBJ-ArtR2c",1,2,157,1500,"['CT']",1678,"['CA', 'CT']"
5,"ref|NC_029514.1|","ZBJ-ArtF1c","ZBJ-ArtR2c",2,3,157,1497,"['TA', 'CT']",1675,"['CT', 'AG', 'CW']"
5,"ref|NC_029496.1|","ZBJ-ArtF1c","ZBJ-ArtR2c",0,1,157,1501,"[]",1679,"['CW']"
5,"ref|NC_029812.1|","ZBJ-ArtF1c","ZBJ-ArtR2c",3,2,157,1465,"['CT', 'TA', 'CT']",1643,"['CT', 'CW']"
5,"ref|NC_030000.1|","ZBJ-ArtF1c","ZBJ-ArtR2c",1,1,157,1483,"['CT']",1661,"['CW']"
5,"ref|NC_030002.1|","ZBJ-ArtF1c","ZBJ-ArtR2c",1,0,157,1509,"['CT']",1687,"[]"
5,"ref|NC_030025.1|","ZBJ-ArtF1c","ZBJ-ArtR2c",4,4,157,1517,"['CT', 'CT', 'GA', 'AT']",1695,"['TA', 'CA', 'CT', 'CT']"
5,"ref|NC_030031.1|","ZBJ-ArtF1c","ZBJ-ArtR2c",4,5,157,1526,"['CT', 'CT', 'GA', 'AT']",1704,"['TA', 'GA', 'CT', 'CT', 'CT']"
5,"ref|NC_030043.1|","ZBJ-ArtF1c","ZBJ-ArtR2c",3,4,157,1748,"['TA', 'AT', 'CT']",1926,"['GA', 'GW', 'CT', 'GW']"
5,"ref|NC_030060.1|","ZBJ-ArtF1c","ZBJ-ArtR2c",1,2,157,1585,"['CT']",1763,"['GA', 'GA']"
5,"ref|NC_030176.1|","ZBJ-ArtF1c","ZBJ-ArtR2c",4,2,157,41,"['TC', 'CW', 'CT', 'CG']",219,"['TG', 'TA']"
5,"ref|NC_030214.1|","ZBJ-ArtF1c","ZBJ-ArtR2c",3,1,157,1397,"['CT', 'GA', 'CT']",1575,"['CT']"
5,"ref|NC_030264.1|","ZBJ-ArtF1c","ZBJ-ArtR2c",1,5,157,1693,"['CT']",1871,"['CT', 'GA', 'GA', 'AG', 'CW']"
5,"ref|NC_000875.1|","ZBJ-ArtF1c","ZBJ-ArtR2c",0,2,157,1463,"[]",1641,"['CT', 'CW']"
5,"ref|NC_025936.1|","ZBJ-ArtF1c","ZBJ-ArtR2c",0,0,157,2115,"[]",2293,"[]"
5,"ref|NC_024583.1|","ZBJ-ArtF1c","ZBJ-ArtR2c",2,0,157,1399,"['CW', 'CT']",1577,"[]"
5,"ref|NC_014053.1|","ZBJ-ArtF1c","ZBJ-ArtR2c",0,0,157,1484,"[]",1662,"[]"
5,"ref|NC_029733.1|","ZBJ-ArtF1c","ZBJ-ArtR2c",1,1,157,1787,"['CT']",1965,"['CT']"
5,"ref|NC_030028.1|","ZBJ-ArtF1c","ZBJ-ArtR2c",4,4,157,1529,"['CT', 'CT', 'GA', 'AT']",1707,"['TA', 'CT', 'CT', 'GW']"
5,"ref|NC_030029.1|","ZBJ-ArtF1c","ZBJ-ArtR2c",4,4,157,1530,"['CT', 'CT', 'GA', 'AT']",1708,"['TA', 'CT', 'CT', 'CT']"
5,"ref|NC_030262.1|","ZBJ-ArtF1c","ZBJ-ArtR2c",4,4,157,1529,"['CT', 'GA', 'AT', 'CT']",1707,"['TA', 'CT', 'CT', 'CT']"
5,"ref|NC_030265.1|","ZBJ-ArtF1c","ZBJ-ArtR2c",2,0,157,1475,"['GA', 'CT']",1653,"[]"
5,"ref|NC_030266.1|","ZBJ-ArtF1c","ZBJ-ArtR2c",0,3,157,1502,"[]",1680,"['TA', 'CT', 'TA']"
5,"ref|NC_030267.1|","ZBJ-ArtF1c","ZBJ-ArtR2c",0,1,157,1481,"[]",1659,"['CT']"
5,"ref|NC_030284.1|","ZBJ-ArtF1c","ZBJ-ArtR2c",4,4,157,2832,"['TC', 'CT', 'TA', 'CG']",3010,"['GA', 'GA', 'AT', 'AG']"
5,"ref|NC_030341.1|","ZBJ-ArtF1c","ZBJ-ArtR2c",1,2,157,1786,"['CT']",1964,"['GA', 'GA']"
5,"ref|NC_030360.1|","ZBJ-ArtF1c","ZBJ-ArtR2c",3,4,157,1328,"['CT', 'AT', 'CT']",1506,"['CT', 'GW', 'CT', 'CW']"
5,"ref|NC_030376.1|","ZBJ-ArtF1c","ZBJ-ArtR2c",2,1,157,1515,"['CA', 'AT']",1693,"['CT']"
5,"ref|NC_018599.1|","ZBJ-ArtF1c","ZBJ-ArtR2c",4,2,157,1511,"['CT', 'GA', 'AT', 'CT']",1689,"['CT', 'CT']"
5,"ref|NC_025904.1|","ZBJ-ArtF1c","ZBJ-ArtR2c",2,1,157,1471,"['CA', 'AT']",1649,"['TA']"
5,"ref|NC_025905.1|","ZBJ-ArtF1c","ZBJ-ArtR2c",3,0,157,1526,"['TA', 'CA', 'AT']",1704,"[]"
5,"ref|NC_030587.1|","ZBJ-ArtF1c","ZBJ-ArtR2c",3,1,157,1470,"['TA', 'TA', 'AT']",1648,"['TA']"
5,"ref|NC_030592.1|","ZBJ-ArtF1c","ZBJ-ArtR2c",1,4,157,1525,"['CT']",1703,"['TA', 'CT', 'CT', 'CT']"
5,"ref|NC_030593.1|","ZBJ-ArtF1c","ZBJ-ArtR2c",2,1,157,1472,"['CT', 'CT']",1650,"['CW']"
5,"ref|NC_030626.1|","ZBJ-ArtF1c","ZBJ-ArtR2c",2,3,157,1481,"['TA', 'AT']",1659,"['TA', 'CT', 'TA']"
5,"ref|NC_010964.1|","ZBJ-ArtF1c","ZBJ-ArtR2c",3,1,157,1247,"['CT', 'TA', 'CT']",1425,"['CT']"
5,"ref|NC_027172.1|","ZBJ-ArtF1c","ZBJ-ArtR2c",2,2,157,1609,"['TC', 'CG']",1787,"['AG', 'CW']"
5,"ref|NC_030541.1|","ZBJ-ArtF1c","ZBJ-ArtR2c",4,5,157,41,"['TC', 'CT', 'AT', 'CG']",219,"['GA', 'CT', 'TG', 'TA', 'CW']"
5,"ref|NC_024270.1|","ZBJ-ArtF1c","ZBJ-ArtR2c",1,0,157,1511,"['CT']",1689,"[]"
5,"ref|NC_024664.1|","ZBJ-ArtF1c","ZBJ-ArtR2c",1,2,157,1979,"['CT']",2157,"['CT', 'AG']"
5,"ref|NC_024923.1|","ZBJ-ArtF1c","ZBJ-ArtR2c",4,1,157,1471,"['CT', 'CT', 'TA', 'AT']",1649,"['GA']"
5,"ref|NC_027145.1|","ZBJ-ArtF1c","ZBJ-ArtR2c",0,2,157,1486,"[]",1664,"['AG', 'CW']"
5,"ref|NC_030715.1|","ZBJ-ArtF1c","ZBJ-ArtR2c",0,1,157,1461,"[]",1639,"['GA']"
5,"ref|NC_030716.1|","ZBJ-ArtF1c","ZBJ-ArtR2c",0,1,157,1462,"[]",1640,"['GW']"
5,"ref|NC_030717.1|","ZBJ-ArtF1c","ZBJ-ArtR2c",0,1,157,1462,"[]",1640,"['CT']"
5,"ref|NC_030718.1|","ZBJ-ArtF1c","ZBJ-ArtR2c",0,1,157,1462,"[]",1640,"['GA']"
5,"ref|NC_030758.1|","ZBJ-ArtF1c","ZBJ-ArtR2c",4,3,157,11245,"['CA', 'CT', 'CA', 'CT']",11423,"['GA', 'CT', 'GA']"
5,"ref|NC_030763.1|","ZBJ-ArtF1c","ZBJ-ArtR2c",2,1,157,1444,"['CT', 'CT']",1622,"['CT']"
5,"ref|NC_030765.1|","ZBJ-ArtF1c","ZBJ-ArtR2c",1,3,157,1375,"['CT']",1553,"['CT', 'AG', 'CW']"
5,"ref|NC_030782.1|","ZBJ-ArtF1c","ZBJ-ArtR2c",1,4,157,1442,"['CT']",1620,"['TA', 'CT', 'CT', 'TA']"
5,"ref|NC_031329.1|","ZBJ-ArtF1c","ZBJ-ArtR2c",1,2,157,1506,"['TA']",1684,"['GA', 'CW']"
5,"ref|NC_031397.1|","ZBJ-ArtF1c","ZBJ-ArtR2c",2,2,157,1469,"['TA', 'AT']",1647,"['CT', 'TA']"
5,"ref|NC_031379.1|","ZBJ-ArtF1c","ZBJ-ArtR2c",3,1,157,1467,"['CT', 'TA', 'AT']",1645,"['CT']"
5,"ref|NC_031652.1|","ZBJ-ArtF1c","ZBJ-ArtR2c",2,0,157,2088,"['CT', 'CT']",2266,"[]"
5,"ref|NC_031817.1|","ZBJ-ArtF1c","ZBJ-ArtR2c",4,1,157,1467,"['CA', 'CT', 'TA', 'AT']",1645,"['CT']"
5,"ref|NC_032047.1|","ZBJ-ArtF1c","ZBJ-ArtR2c",4,3,157,1463,"['CW', 'CT', 'CT', 'AT']",1641,"['CT', 'TA', 'CW']"
5,"ref|NC_032050.1|","ZBJ-ArtF1c","ZBJ-ArtR2c",3,4,157,1465,"['CW', 'CT', 'AT']",1643,"['TA', 'CT', 'CT', 'TA']"
5,"ref|NC_032062.1|","ZBJ-ArtF1c","ZBJ-ArtR2c",0,2,157,1514,"[]",1692,"['CT', 'CW']"
5,"ref|NC_032071.1|","ZBJ-ArtF1c","ZBJ-ArtR2c",3,4,157,1674,"['TA', 'TC', 'CW']",1852,"['CW', 'CT', 'AG', 'CW']"
5,"ref|NC_032072.1|","ZBJ-ArtF1c","ZBJ-ArtR2c",3,2,157,1555,"['TA', 'TC', 'CW']",1733,"['GA', 'AG']"
5,"ref|NC_032075.1|","ZBJ-ArtF1c","ZBJ-ArtR2c",1,4,157,1406,"['TA']",1584,"['GA', 'GA', 'GA', 'GW']"
5,"ref|NC_032076.1|","ZBJ-ArtF1c","ZBJ-ArtR2c",4,1,157,1456,"['CA', 'CT', 'TA', 'AT']",1634,"['TA']"
5,"ref|NC_032077.1|","ZBJ-ArtF1c","ZBJ-ArtR2c",1,0,157,1693,"['CT']",1871,"[]"
5,"ref|NC_032298.1|","ZBJ-ArtF1c","ZBJ-ArtR2c",2,2,157,1530,"['CA', 'AT']",1708,"['TA', 'GA']"
5,"ref|NC_032303.1|","ZBJ-ArtF1c","ZBJ-ArtR2c",3,2,157,1468,"['TA', 'CT', 'AT']",1646,"['CT', 'TA']"
5,"ref|NC_032386.1|","ZBJ-ArtF1c","ZBJ-ArtR2c",2,3,157,38,"['CT', 'TA']",216,"['CT', 'CT', 'AG']"
5,"ref|NC_033349.1|","ZBJ-ArtF1c","ZBJ-ArtR2c",2,0,157,1467,"['CT', 'CA']",1645,"[]"
5,"ref|NC_033352.1|","ZBJ-ArtF1c","ZBJ-ArtR2c",3,3,157,38,"['TA', 'AT', 'CT']",216,"['TA', 'CT', 'AG']"
5,"ref|NC_033410.1|","ZBJ-ArtF1c","ZBJ-ArtR2c",2,2,157,38,"['TA', 'AT']",216,"['TA', 'AG']"
5,"ref|NC_033539.1|","ZBJ-ArtF1c","ZBJ-ArtR2c",3,3,157,1393,"['CT', 'TA', 'AT']",1571,"['CT', 'CT', 'TG']"
5,"ref|NC_033540.1|","ZBJ-ArtF1c","ZBJ-ArtR2c",0,0,157,1517,"[]",1695,"[]"
5,"ref|NC_033853.1|","ZBJ-ArtF1c","ZBJ-ArtR2c",0,2,157,1458,"[]",1636,"['TA', 'GW']"
5,"ref|NC_033982.1|","ZBJ-ArtF1c","ZBJ-ArtR2c",1,1,157,1461,"['CT']",1639,"['GA']"
5,"ref|NC_033990.1|","ZBJ-ArtF1c","ZBJ-ArtR2c",2,0,157,1472,"['CT', 'CT']",1650,"[]"
5,"ref|NC_033992.1|","ZBJ-ArtF1c","ZBJ-ArtR2c",2,1,157,1470,"['CT', 'CT']",1648,"['GA']"
5,"ref|NC_033995.1|","ZBJ-ArtF1c","ZBJ-ArtR2c",3,2,157,1719,"['TA', 'CW', 'CT']",1897,"['GA', 'CW']"
5,"ref|NC_033872.1|","ZBJ-ArtF1c","ZBJ-ArtR2c",3,2,157,1441,"['GA', 'CA', 'CT']",1619,"['TA', 'CT']"
5,"ref|NC_033889.1|","ZBJ-ArtF1c","ZBJ-ArtR2c",0,3,157,1475,"[]",1653,"['GA', 'GA', 'CW']"
5,"ref|NC_033891.1|","ZBJ-ArtF1c","ZBJ-ArtR2c",0,1,157,1486,"[]",1664,"['AG']"
5,"ref|NC_033981.1|","ZBJ-ArtF1c","ZBJ-ArtR2c",1,1,157,1457,"['CT']",1635,"['CT']"
5,"ref|NC_033983.1|","ZBJ-ArtF1c","ZBJ-ArtR2c",2,1,157,1490,"['GA', 'CT']",1668,"['CT']"
5,"ref|NC_033984.1|","ZBJ-ArtF1c","ZBJ-ArtR2c",1,0,157,1466,"['CT']",1644,"[]"
5,"ref|NC_033985.1|","ZBJ-ArtF1c","ZBJ-ArtR2c",1,0,157,1446,"['CT']",1624,"[]"
5,"ref|NC_033986.1|","ZBJ-ArtF1c","ZBJ-ArtR2c",2,3,157,1481,"['CT', 'CT']",1659,"['GW', 'CT', 'TA']"
5,"ref|NC_033987.1|","ZBJ-ArtF1c","ZBJ-ArtR2c",2,3,157,1461,"['CA', 'CT']",1639,"['GA', 'CT', 'TA']"
5,"ref|NC_033991.1|","ZBJ-ArtF1c","ZBJ-ArtR2c",3,1,157,1472,"['CW', 'CT', 'CT']",1650,"['CT']"
5,"ref|NC_033997.1|","ZBJ-ArtF1c","ZBJ-ArtR2c",1,1,157,1526,"['CT']",1704,"['CT']"
5,"ref|NC_033999.1|","ZBJ-ArtF1c","ZBJ-ArtR2c",3,2,157,1494,"['GA', 'CT', 'CT']",1672,"['CW', 'CT']"
5,"ref|NC_012457.1|","ZBJ-ArtF1c","ZBJ-ArtR2c",3,2,157,1429,"['CW', 'CT', 'AT']",1607,"['CT', 'CW']"
5,"ref|NC_034019.1|","ZBJ-ArtF1c","ZBJ-ArtR2c",2,4,157,1510,"['GA', 'AT']",1688,"['TA', 'CT', 'CT', 'CT']"
5,"ref|NC_034020.1|","ZBJ-ArtF1c","ZBJ-ArtR2c",3,3,157,1524,"['CW', 'GA', 'AT']",1702,"['CA', 'CT', 'GA']"
5,"ref|NC_034021.1|","ZBJ-ArtF1c","ZBJ-ArtR2c",4,2,157,1511,"['CT', 'CT', 'CA', 'AT']",1689,"['CT', 'GW']"
5,"ref|NC_034022.1|","ZBJ-ArtF1c","ZBJ-ArtR2c",4,3,157,1510,"['CT', 'CT', 'GA', 'AT']",1688,"['TA', 'GA', 'CT']"
5,"ref|NC_034026.1|","ZBJ-ArtF1c","ZBJ-ArtR2c",4,3,157,1518,"['CT', 'GA', 'AT', 'CT']",1696,"['CA', 'CT', 'CT']"
5,"ref|NC_034029.1|","ZBJ-ArtF1c","ZBJ-ArtR2c",3,4,157,1511,"['CT', 'GA', 'AT']",1689,"['TA', 'TA', 'CT', 'CT']"
5,"ref|NC_034030.1|","ZBJ-ArtF1c","ZBJ-ArtR2c",4,5,157,1513,"['CT', 'CT', 'GA', 'AT']",1691,"['TA', 'GA', 'CT', 'CT', 'GW']"
5,"ref|NC_034032.1|","ZBJ-ArtF1c","ZBJ-ArtR2c",2,3,157,1507,"['GA', 'AT']",1685,"['TA', 'CT', 'CT']"
5,"ref|NC_034033.1|","ZBJ-ArtF1c","ZBJ-ArtR2c",4,0,157,1515,"['CT', 'GA', 'AT', 'CT']",1693,"[]"
5,"ref|NC_034034.1|","ZBJ-ArtF1c","ZBJ-ArtR2c",2,3,157,1515,"['GA', 'GT']",1693,"['CA', 'CT', 'CT']"
5,"ref|NC_034039.1|","ZBJ-ArtF1c","ZBJ-ArtR2c",4,3,157,1513,"['CT', 'GA', 'AT', 'CT']",1691,"['TA', 'GA', 'CT']"
5,"ref|NC_034040.1|","ZBJ-ArtF1c","ZBJ-ArtR2c",2,5,157,1522,"['GA', 'AT']",1700,"['TA', 'CA', 'CT', 'CT', 'GA']"
5,"ref|NC_034042.1|","ZBJ-ArtF1c","ZBJ-ArtR2c",3,5,157,1520,"['CW', 'GA', 'AT']",1698,"['CA', 'CA', 'CT', 'CT', 'GA']"
5,"ref|NC_034043.1|","ZBJ-ArtF1c","ZBJ-ArtR2c",4,4,157,1504,"['CT', 'CT', 'GA', 'AT']",1682,"['TA', 'CT', 'GA', 'CT']"
5,"ref|NC_034044.1|","ZBJ-ArtF1c","ZBJ-ArtR2c",3,3,157,1520,"['CT', 'GA', 'AT']",1698,"['CA', 'CT', 'CT']"
5,"ref|NC_034045.1|","ZBJ-ArtF1c","ZBJ-ArtR2c",2,5,157,1519,"['GA', 'AT']",1697,"['TA', 'CA', 'CT', 'CT', 'GW']"
5,"ref|NC_034049.1|","ZBJ-ArtF1c","ZBJ-ArtR2c",2,3,157,1509,"['GA', 'AT']",1687,"['TA', 'CT', 'CW']"
5,"ref|NC_034054.1|","ZBJ-ArtF1c","ZBJ-ArtR2c",4,4,157,1520,"['CT', 'GA', 'AT', 'CT']",1698,"['GA', 'CT', 'CT', 'CT']"
5,"ref|NC_034055.1|","ZBJ-ArtF1c","ZBJ-ArtR2c",3,3,157,1517,"['GA', 'AT', 'CT']",1695,"['TA', 'CT', 'CT']"
5,"ref|NC_034056.1|","ZBJ-ArtF1c","ZBJ-ArtR2c",4,0,157,1513,"['CT', 'GA', 'AT', 'CT']",1691,"[]"
5,"ref|NC_034059.1|","ZBJ-ArtF1c","ZBJ-ArtR2c",2,2,157,1525,"['GA', 'AT']",1703,"['TA', 'CT']"
5,"ref|NC_034063.1|","ZBJ-ArtF1c","ZBJ-ArtR2c",4,4,157,1509,"['CT', 'GA', 'AT', 'CT']",1687,"['TA', 'CA', 'GW', 'CT']"
5,"ref|NC_034066.1|","ZBJ-ArtF1c","ZBJ-ArtR2c",4,2,157,1512,"['CT', 'CT', 'GA', 'AT']",1690,"['TA', 'CT']"
5,"ref|NC_034069.1|","ZBJ-ArtF1c","ZBJ-ArtR2c",4,3,157,1510,"['CT', 'GA', 'AT', 'CT']",1688,"['TA', 'CT', 'CA']"
5,"ref|NC_034071.1|","ZBJ-ArtF1c","ZBJ-ArtR2c",4,3,157,1509,"['CT', 'GA', 'AT', 'CT']",1687,"['TA', 'GA', 'CT']"
5,"ref|NC_034082.1|","ZBJ-ArtF1c","ZBJ-ArtR2c",4,5,157,1509,"['CT', 'GA', 'AT', 'CT']",1687,"['TA', 'GA', 'GW', 'CT', 'GW']"
5,"ref|NC_034085.1|","ZBJ-ArtF1c","ZBJ-ArtR2c",4,3,157,1510,"['CT', 'CT', 'GA', 'AT']",1688,"['TA', 'CT', 'CT']"
5,"ref|NC_034086.1|","ZBJ-ArtF1c","ZBJ-ArtR2c",2,4,157,1520,"['GA', 'GT']",1698,"['TA', 'TA', 'CT', 'CT']"
5,"ref|NC_034087.1|","ZBJ-ArtF1c","ZBJ-ArtR2c",2,4,157,1516,"['GA', 'AT']",1694,"['TA', 'CA', 'CT', 'GA']"
5,"ref|NC_034090.1|","ZBJ-ArtF1c","ZBJ-ArtR2c",3,3,157,1514,"['CT', 'GA', 'AT']",1692,"['TA', 'CT', 'GW']"
5,"ref|NC_034092.1|","ZBJ-ArtF1c","ZBJ-ArtR2c",4,3,157,1515,"['CW', 'CT', 'GA', 'AT']",1693,"['CT', 'GA', 'GW']"
5,"ref|NC_034093.1|","ZBJ-ArtF1c","ZBJ-ArtR2c",3,4,157,1523,"['CW', 'GA', 'AT']",1701,"['TA', 'CA', 'CT', 'CT']"
5,"ref|NC_034094.1|","ZBJ-ArtF1c","ZBJ-ArtR2c",4,5,157,1512,"['CT', 'CT', 'GA', 'AT']",1690,"['TA', 'GA', 'CT', 'CT', 'TA']"
5,"ref|NC_034095.1|","ZBJ-ArtF1c","ZBJ-ArtR2c",3,4,157,1508,"['CT', 'GA', 'AT']",1686,"['TA', 'CT', 'GW', 'GA']"
5,"ref|NC_034096.1|","ZBJ-ArtF1c","ZBJ-ArtR2c",3,4,157,1508,"['CT', 'GA', 'AT']",1686,"['TA', 'TA', 'CT', 'GW']"
5,"ref|NC_034098.1|","ZBJ-ArtF1c","ZBJ-ArtR2c",2,5,157,1516,"['GA', 'AT']",1694,"['TA', 'CA', 'CT', 'CT', 'GA']"
5,"ref|NC_034099.1|","ZBJ-ArtF1c","ZBJ-ArtR2c",4,4,157,1511,"['CT', 'CT', 'GA', 'AT']",1689,"['TA', 'CT', 'CT', 'TA']"
5,"ref|NC_034101.1|","ZBJ-ArtF1c","ZBJ-ArtR2c",4,2,157,1523,"['CT', 'CT', 'GA', 'AT']",1701,"['TA', 'CT']"
5,"ref|NC_034103.1|","ZBJ-ArtF1c","ZBJ-ArtR2c",2,4,157,1514,"['GA', 'AT']",1692,"['TA', 'TA', 'CT', 'CT']"
5,"ref|NC_034105.1|","ZBJ-ArtF1c","ZBJ-ArtR2c",3,4,157,1511,"['CT', 'GA', 'AT']",1689,"['TA', 'GA', 'CT', 'CT']"
5,"ref|NC_034107.1|","ZBJ-ArtF1c","ZBJ-ArtR2c",3,5,157,1521,"['GA', 'AT', 'CT']",1699,"['TA', 'CA', 'CT', 'CT', 'GW']"
5,"ref|NC_034111.1|","ZBJ-ArtF1c","ZBJ-ArtR2c",3,4,157,1512,"['CT', 'GA', 'AT']",1690,"['TA', 'CT', 'CT', 'TA']"
5,"ref|NC_034112.1|","ZBJ-ArtF1c","ZBJ-ArtR2c",4,3,157,1513,"['CT', 'CT', 'GA', 'AT']",1691,"['TA', 'CT', 'GW']"
5,"ref|NC_034113.1|","ZBJ-ArtF1c","ZBJ-ArtR2c",2,1,157,1509,"['GA', 'AT']",1687,"['CT']"
5,"ref|NC_034115.1|","ZBJ-ArtF1c","ZBJ-ArtR2c",3,4,157,1526,"['CT', 'GA', 'AT']",1704,"['TA', 'CA', 'CT', 'GA']"
5,"ref|NC_034116.1|","ZBJ-ArtF1c","ZBJ-ArtR2c",4,3,157,1521,"['CT', 'GA', 'AT', 'CT']",1699,"['TA', 'GA', 'CT']"
5,"ref|NC_034118.1|","ZBJ-ArtF1c","ZBJ-ArtR2c",2,5,157,1507,"['CT', 'AT']",1685,"['TA', 'GA', 'CT', 'CT', 'GW']"
5,"ref|NC_034119.1|","ZBJ-ArtF1c","ZBJ-ArtR2c",3,2,157,1515,"['CT', 'TA', 'AT']",1693,"['TA', 'CT']"
5,"ref|NC_034121.1|","ZBJ-ArtF1c","ZBJ-ArtR2c",3,2,157,1506,"['CT', 'GA', 'AT']",1684,"['TA', 'GA']"
5,"ref|NC_034123.1|","ZBJ-ArtF1c","ZBJ-ArtR2c",4,3,157,1512,"['CT', 'CT', 'GA', 'AT']",1690,"['TA', 'CT', 'CA']"
5,"ref|NC_034129.1|","ZBJ-ArtF1c","ZBJ-ArtR2c",2,5,157,1508,"['GA', 'AT']",1686,"['TA', 'GA', 'CT', 'CT', 'TA']"
5,"ref|NC_034131.1|","ZBJ-ArtF1c","ZBJ-ArtR2c",4,3,157,1509,"['CT', 'GA', 'AT', 'CT']",1687,"['TA', 'CT', 'GW']"
5,"ref|NC_034132.1|","ZBJ-ArtF1c","ZBJ-ArtR2c",3,2,157,1511,"['CT', 'GA', 'AT']",1689,"['CT', 'TA']"
5,"ref|NC_034135.1|","ZBJ-ArtF1c","ZBJ-ArtR2c",3,4,157,1514,"['GA', 'GT', 'CT']",1692,"['TA', 'CT', 'CT', 'CA']"
5,"ref|NC_034136.1|","ZBJ-ArtF1c","ZBJ-ArtR2c",2,3,157,1508,"['GA', 'AT']",1686,"['TA', 'CT', 'GW']"
5,"ref|NC_034137.1|","ZBJ-ArtF1c","ZBJ-ArtR2c",2,4,157,1507,"['GA', 'AT']",1685,"['TA', 'CT', 'CT', 'CA']"
5,"ref|NC_034143.1|","ZBJ-ArtF1c","ZBJ-ArtR2c",4,1,157,1512,"['CT', 'CT', 'GA', 'AT']",1690,"['CT']"
5,"ref|NC_034145.1|","ZBJ-ArtF1c","ZBJ-ArtR2c",3,3,157,1506,"['CT', 'GA', 'AT']",1684,"['TA', 'CT', 'GW']"
5,"ref|NC_034147.1|","ZBJ-ArtF1c","ZBJ-ArtR2c",4,3,157,1525,"['CT', 'CT', 'GA', 'AT']",1703,"['TA', 'CA', 'GW']"
5,"ref|NC_034149.1|","ZBJ-ArtF1c","ZBJ-ArtR2c",2,5,157,1510,"['GA', 'AT']",1688,"['TA', 'CT', 'CT', 'CT', 'GW']"
5,"ref|NC_034232.1|","ZBJ-ArtF1c","ZBJ-ArtR2c",0,1,157,1493,"[]",1671,"['GW']"
5,"ref|NC_034233.1|","ZBJ-ArtF1c","ZBJ-ArtR2c",1,1,157,1502,"['CT']",1680,"['AG']"
5,"ref|NC_034235.1|","ZBJ-ArtF1c","ZBJ-ArtR2c",1,0,157,1501,"['CT']",1679,"[]"
5,"ref|NC_034282.1|","ZBJ-ArtF1c","ZBJ-ArtR2c",1,3,157,2650,"['CT']",2828,"['CT', 'CT', 'TA']"
5,"ref|NC_034283.1|","ZBJ-ArtF1c","ZBJ-ArtR2c",1,2,157,3022,"['CT']",3200,"['CT', 'TA']"
5,"ref|NC_034284.1|","ZBJ-ArtF1c","ZBJ-ArtR2c",0,3,157,2033,"[]",2211,"['CA', 'CT', 'CA']"
5,"ref|NC_034293.1|","ZBJ-ArtF1c","ZBJ-ArtR2c",1,4,157,1444,"['CA']",1622,"['CT', 'GA', 'AG', 'CW']"
5,"ref|NC_018350.1|","ZBJ-ArtF1c","ZBJ-ArtR2c",1,1,157,1463,"['TA']",1641,"['GA']"
5,"ref|NC_018352.1|","ZBJ-ArtF1c","ZBJ-ArtR2c",4,3,157,1464,"['TA', 'CW', 'CT', 'CT']",1642,"['TA', 'CT', 'CT']"
5,"ref|NC_018339.1|","ZBJ-ArtF1c","ZBJ-ArtR2c",1,0,157,1570,"['GA']",1748,"[]"
5,"ref|NC_018353.1|","ZBJ-ArtF1c","ZBJ-ArtR2c",2,2,157,1409,"['CT', 'TA']",1587,"['TA', 'CW']"
5,"ref|NC_018354.1|","ZBJ-ArtF1c","ZBJ-ArtR2c",0,0,157,1396,"[]",1574,"[]"
5,"ref|NC_008755.1|","ZBJ-ArtF1c","ZBJ-ArtR2c",1,2,157,1474,"['CT']",1652,"['GA', 'CW']"
5,"ref|NC_009967.1|","ZBJ-ArtF1c","ZBJ-ArtR2c",2,1,157,1469,"['CT', 'CT']",1647,"['GA']"
5,"ref|NC_010219.1|","ZBJ-ArtF1c","ZBJ-ArtR2c",2,0,157,1455,"['TA', 'AT']",1633,"[]"
5,"ref|NC_010534.1|","ZBJ-ArtF1c","ZBJ-ArtR2c",3,4,157,1430,"['TA', 'GT', 'CT']",1608,"['GA', 'TA', 'CT', 'GW']"
5,"ref|NC_010536.1|","ZBJ-ArtF1c","ZBJ-ArtR2c",2,3,157,1535,"['GT', 'CT']",1713,"['GA', 'CT', 'TA']"
5,"ref|NC_010533.1|","ZBJ-ArtF1c","ZBJ-ArtR2c",3,5,157,1469,"['AT', 'CT', 'CT']",1647,"['GA', 'GA', 'CT', 'AG', 'CW']"
5,"ref|NC_010967.1|","ZBJ-ArtF1c","ZBJ-ArtR2c",3,5,157,1683,"['TC', 'AT', 'CG']",1861,"['CT', 'AG', 'TA', 'AG', 'CW']"
5,"ref|NC_010969.1|","ZBJ-ArtF1c","ZBJ-ArtR2c",3,0,157,1248,"['CT', 'TA', 'CT']",1426,"[]"
5,"ref|NC_011195.1|","ZBJ-ArtF1c","ZBJ-ArtR2c",2,5,157,1493,"['CT', 'AT']",1671,"['TA', 'CW', 'CT', 'CT', 'TA']"
5,"ref|NC_011200.1|","ZBJ-ArtF1c","ZBJ-ArtR2c",1,4,157,1467,"['CT']",1645,"['TA', 'CT', 'CW', 'CT']"
5,"ref|NC_011301.1|","ZBJ-ArtF1c","ZBJ-ArtR2c",3,4,157,1418,"['CT', 'CT', 'CT']",1596,"['TA', 'CT', 'CT', 'GA']"
5,"ref|NC_011305.1|","ZBJ-ArtF1c","ZBJ-ArtR2c",3,3,157,1483,"['TA', 'CW', 'AT']",1661,"['TA', 'CT', 'TA']"
5,"ref|NC_011302.1|","ZBJ-ArtF1c","ZBJ-ArtR2c",1,2,157,1467,"['CT']",1645,"['CA', 'CT']"
5,"ref|NC_011329.1|","ZBJ-ArtF1c","ZBJ-ArtR2c",0,2,157,1538,"[]",1716,"['CT', 'GA']"
5,"ref|NC_011324.1|","ZBJ-ArtF1c","ZBJ-ArtR2c",1,1,157,1438,"['CT']",1616,"['TA']"
5,"ref|NC_011359.1|","ZBJ-ArtF1c","ZBJ-ArtR2c",3,1,157,1520,"['CT', 'TA', 'CT']",1698,"['TA']"
5,"ref|NC_003970.1|","ZBJ-ArtF1c","ZBJ-ArtR2c",0,3,157,3157,"[]",3335,"['CT', 'AG', 'CW']"
5,"ref|NC_011813.1|","ZBJ-ArtF1c","ZBJ-ArtR2c",3,2,157,1475,"['CW', 'CT', 'CT']",1653,"['GA', 'CW']"
5,"ref|NC_011823.1|","ZBJ-ArtF1c","ZBJ-ArtR2c",2,3,157,1433,"['CT', 'CT']",1611,"['TA', 'TA', 'CT']"
5,"ref|NC_011824.1|","ZBJ-ArtF1c","ZBJ-ArtR2c",4,0,157,1462,"['GA', 'CT', 'CT', 'AT']",1640,"[]"
5,"ref|NC_011923.1|","ZBJ-ArtF1c","ZBJ-ArtR2c",4,3,157,2036,"['TC', 'AT', 'CT', 'CG']",2214,"['AG', 'CA', 'AG']"
5,"ref|NC_012139.1|","ZBJ-ArtF1c","ZBJ-ArtR2c",0,1,157,1294,"[]",1472,"['GA']"
5,"ref|NC_012421.1|","ZBJ-ArtF1c","ZBJ-ArtR2c",1,3,157,1411,"['TA']",1589,"['TA', 'TA', 'CT']"
5,"ref|NC_012429.1|","ZBJ-ArtF1c","ZBJ-ArtR2c",0,3,157,1395,"[]",1573,"['GA', 'CT', 'CT']"
5,"ref|NC_012688.1|","ZBJ-ArtF1c","ZBJ-ArtR2c",2,2,157,1593,"['TC', 'CT']",1771,"['CT', 'AG']"
5,"ref|NC_012835.1|","ZBJ-ArtF1c","ZBJ-ArtR2c",3,1,157,1390,"['CW', 'CT', 'CA']",1568,"['CT']"
5,"ref|NC_012845.1|","ZBJ-ArtF1c","ZBJ-ArtR2c",3,2,157,1441,"['CT', 'CT', 'CT']",1619,"['GW', 'CT']"
5,"ref|NC_012893.1|","ZBJ-ArtF1c","ZBJ-ArtR2c",1,1,157,1510,"['CW']",1688,"['GA']"
5,"ref|NC_013070.1|","ZBJ-ArtF1c","ZBJ-ArtR2c",4,1,157,1441,"['CT', 'CT', 'CA', 'AT']",1619,"['CW']"
5,"ref|NC_013180.1|","ZBJ-ArtF1c","ZBJ-ArtR2c",0,0,157,1456,"[]",1634,"[]"
5,"ref|NC_013185.1|","ZBJ-ArtF1c","ZBJ-ArtR2c",3,4,157,1452,"['CT', 'CT', 'AT']",1630,"['GA', 'GA', 'AT', 'TG']"
5,"ref|NC_013240.1|","ZBJ-ArtF1c","ZBJ-ArtR2c",3,3,157,1461,"['TA', 'CT', 'AT']",1639,"['TA', 'CT', 'TA']"
5,"ref|NC_013249.1|","ZBJ-ArtF1c","ZBJ-ArtR2c",3,0,157,1514,"['TA', 'CT', 'CT']",1692,"[]"
5,"ref|NC_013251.1|","ZBJ-ArtF1c","ZBJ-ArtR2c",2,1,157,1415,"['CT', 'CT']",1593,"['CT']"
5,"ref|NC_013252.1|","ZBJ-ArtF1c","ZBJ-ArtR2c",4,1,157,1447,"['CT', 'TA', 'CA', 'AT']",1625,"['CT']"
